id,first_name,last_name,email
1,Antonietta,Libbey,alibbey0@ox.ac.uk
2,Roanne,Speare,rspeare1@edublogs.org
3,Dawna,Frigot,dfrigot2@telegraph.co.uk
4,Armstrong,Ahren,aahren3@angelfire.com
5,Lamond,Plewes,lplewes4@chron.com
6,Gardner,Kurtis,gkurtis5@house.gov
7,Carlynne,Francombe,cfrancombe6@buzzfeed.com
8,Batsheva,Bleasdille,bbleasdille7@statcounter.com
9,Susan,MacCrachen,smaccrachen8@woothemes.com
10,Valeda,Barti,vbarti9@trellian.com
11,Mortie,Liffe,mliffea@artisteer.com
12,Cassondra,McGrath,cmcgrathb@disqus.com
13,Andie,Dalrymple,adalrymplec@earthlink.net
14,Candace,McGuckin,cmcguckind@cbsnews.com
15,Elfrieda,Pleasants,epleasantse@newyorker.com
16,Ed,Macrae,emacraef@networksolutions.com
17,Godwin,Fouracre,gfouracreg@quantcast.com
18,Lyndy,Greson,lgresonh@g.co
19,Artair,Mac Giolla Pheadair,amacgiollapheadairi@abc.net.au
20,Thane,Dorton,tdortonj@joomla.org
21,Anni,Ferry,aferryk@free.fr
22,Syman,Foxton,sfoxtonl@t.co
23,Vivian,Limpricht,vlimprichtm@loc.gov
24,Arvin,Olyet,aolyetn@disqus.com
25,Allie,Bagehot,abagehoto@creativecommons.org
26,Nerti,Korn,nkornp@microsoft.com
27,Jolee,Chilvers,jchilversq@deviantart.com
28,Dyana,Brazer,dbrazerr@ihg.com
29,Fallon,Dally,fdallys@hp.com
30,Halsy,Leatham,hleathamt@tuttocitta.it
31,Rafferty,Gimenez,rgimenezu@tinypic.com
32,Jeno,Adrianello,jadrianellov@mashable.com
33,Odell,Shuard,oshuardw@sina.com.cn
34,Michal,Simla,msimlax@unblog.fr
35,Alfy,Brosnan,abrosnany@instagram.com
36,Alonzo,Dudney,adudneyz@umn.edu
37,Tamera,Ortells,tortells10@tripod.com
38,Adriane,Bosman,abosman11@google.pl